-- MySQL dump 10.13  Distrib 8.0.45, for Linux (x86_64)
--
-- Host: localhost    Database: Vintage_Story_Toolbox
-- ------------------------------------------------------
-- Server version	8.0.45

/*!40101 SET @OLD_CHARACTER_SET_CLIENT=@@CHARACTER_SET_CLIENT */;
/*!40101 SET @OLD_CHARACTER_SET_RESULTS=@@CHARACTER_SET_RESULTS */;
/*!40101 SET @OLD_COLLATION_CONNECTION=@@COLLATION_CONNECTION */;
/*!50503 SET NAMES utf8mb4 */;
/*!40103 SET @OLD_TIME_ZONE=@@TIME_ZONE */;
/*!40103 SET TIME_ZONE='+00:00' */;
/*!40014 SET @OLD_UNIQUE_CHECKS=@@UNIQUE_CHECKS, UNIQUE_CHECKS=0 */;
/*!40014 SET @OLD_FOREIGN_KEY_CHECKS=@@FOREIGN_KEY_CHECKS, FOREIGN_KEY_CHECKS=0 */;
/*!40101 SET @OLD_SQL_MODE=@@SQL_MODE, SQL_MODE='NO_AUTO_VALUE_ON_ZERO' */;
/*!40111 SET @OLD_SQL_NOTES=@@SQL_NOTES, SQL_NOTES=0 */;

--
-- Table structure for table `CRAFTING_RECIPE`
--

DROP TABLE IF EXISTS `CRAFTING_RECIPE`;
/*!40101 SET @saved_cs_client     = @@character_set_client */;
/*!50503 SET character_set_client = utf8mb4 */;
CREATE TABLE `CRAFTING_RECIPE` (
  `id` int NOT NULL AUTO_INCREMENT,
  `item_id` int NOT NULL,
  `stations` json DEFAULT NULL,
  `available_materials` json DEFAULT NULL,
  PRIMARY KEY (`id`),
  KEY `item_id` (`item_id`),
  CONSTRAINT `CRAFTING_RECIPE_ibfk_1` FOREIGN KEY (`item_id`) REFERENCES `ITEM` (`id`) ON DELETE CASCADE
) ENGINE=InnoDB AUTO_INCREMENT=30 DEFAULT CHARSET=utf8mb4 COLLATE=utf8mb4_0900_ai_ci;
/*!40101 SET character_set_client = @saved_cs_client */;

--
-- Dumping data for table `CRAFTING_RECIPE`
--

LOCK TABLES `CRAFTING_RECIPE` WRITE;
/*!40000 ALTER TABLE `CRAFTING_RECIPE` DISABLE KEYS */;
INSERT INTO `CRAFTING_RECIPE` VALUES (1,157,'[\"Crucible\"]','[\"copper\", \"gold\", \"silver\", \"tin_bronze\", \"bismuth_bronze\", \"black_bronze\", \"iron\", \"meteoric_iron\", \"steel\"]'),(2,46,'[\"Crafting Grid\"]',NULL),(3,38,'[\"Crafting Grid\"]',NULL),(4,37,'[\"Crafting Grid\"]',NULL),(5,43,'[\"Crafting Grid\"]',NULL),(6,42,'[\"Crafting Grid\"]',NULL),(7,41,'[\"Crafting Grid\"]',NULL),(8,58,'[\"Anvil\"]','[\"copper\", \"gold\", \"silver\", \"tin_bronze\", \"bismuth_bronze\", \"black_bronze\", \"iron\", \"meteoric_iron\", \"steel\"]'),(9,59,'[\"Anvil\"]','[\"copper\", \"gold\", \"silver\", \"tin_bronze\", \"bismuth_bronze\", \"black_bronze\", \"iron\", \"meteoric_iron\", \"steel\"]'),(10,61,'[\"Anvil\"]','[\"copper\", \"gold\", \"silver\", \"tin_bronze\", \"bismuth_bronze\", \"black_bronze\", \"iron\", \"meteoric_iron\", \"steel\"]'),(11,70,'[\"Anvil\"]','[\"copper\", \"gold\", \"silver\", \"tin_bronze\", \"bismuth_bronze\", \"black_bronze\", \"iron\", \"meteoric_iron\", \"steel\"]'),(12,65,'[\"Anvil\"]','[\"copper\", \"gold\", \"silver\", \"tin_bronze\", \"bismuth_bronze\", \"black_bronze\", \"iron\", \"meteoric_iron\", \"steel\"]'),(13,55,'[\"Anvil\"]','[\"copper\", \"gold\", \"silver\", \"tin_bronze\", \"bismuth_bronze\", \"black_bronze\", \"iron\", \"meteoric_iron\", \"steel\"]'),(14,75,'[\"Anvil\"]','[\"copper\", \"tin_bronze\", \"bismuth_bronze\", \"black_bronze\", \"iron\", \"meteoric_iron\", \"steel\"]'),(15,71,'[\"Anvil\"]','[\"copper\", \"gold\", \"silver\", \"tin_bronze\", \"bismuth_bronze\", \"black_bronze\", \"iron\", \"meteoric_iron\", \"steel\"]'),(16,62,'[\"Anvil\"]','[\"copper\", \"tin_bronze\", \"bismuth_bronze\", \"black_bronze\", \"iron\", \"meteoric_iron\", \"steel\"]'),(17,53,'[\"Anvil\"]','[\"copper\", \"gold\", \"silver\", \"tin_bronze\", \"bismuth_bronze\", \"black_bronze\", \"iron\", \"meteoric_iron\", \"steel\"]'),(18,81,'[\"Crafting Grid\"]','[\"copper\", \"gold\", \"silver\", \"tin_bronze\", \"bismuth_bronze\", \"black_bronze\", \"iron\", \"meteoric_iron\", \"steel\"]'),(19,83,'[\"Crafting Grid\"]','[\"copper\", \"gold\", \"silver\", \"tin_bronze\", \"bismuth_bronze\", \"black_bronze\", \"iron\", \"meteoric_iron\", \"steel\"]'),(20,88,'[\"Crafting Grid\"]','[\"copper\", \"gold\", \"silver\", \"tin_bronze\", \"bismuth_bronze\", \"black_bronze\", \"iron\", \"meteoric_iron\", \"steel\"]'),(21,85,'[\"Crafting Grid\"]','[\"copper\", \"gold\", \"silver\", \"tin_bronze\", \"bismuth_bronze\", \"black_bronze\", \"iron\", \"meteoric_iron\", \"steel\"]'),(22,93,'[\"Crafting Grid\"]','[\"copper\", \"gold\", \"silver\", \"tin_bronze\", \"bismuth_bronze\", \"black_bronze\", \"iron\", \"meteoric_iron\", \"steel\"]'),(23,77,'[\"Crafting Grid\"]','[\"copper\", \"gold\", \"silver\", \"tin_bronze\", \"bismuth_bronze\", \"black_bronze\", \"iron\", \"meteoric_iron\", \"steel\"]'),(24,82,'[\"Crafting Grid\"]','[\"copper\", \"tin_bronze\", \"bismuth_bronze\", \"black_bronze\", \"iron\", \"meteoric_iron\", \"steel\"]'),(25,96,'[\"Crafting Grid\"]','[\"copper\", \"gold\", \"silver\", \"tin_bronze\", \"bismuth_bronze\", \"black_bronze\", \"iron\", \"meteoric_iron\", \"steel\"]'),(26,121,'[\"Crafting Grid\"]',NULL),(27,122,'[\"Crafting Grid\"]',NULL),(28,124,'[\"Crafting Grid\"]','[\"copper\", \"gold\", \"silver\", \"tin_bronze\", \"bismuth_bronze\", \"black_bronze\", \"iron\", \"meteoric_iron\", \"steel\"]'),(29,123,'[\"Crafting Grid\"]','[\"iron\", \"meteoric_iron\", \"steel\"]');
/*!40000 ALTER TABLE `CRAFTING_RECIPE` ENABLE KEYS */;
UNLOCK TABLES;

--
-- Table structure for table `ITEM`
--

DROP TABLE IF EXISTS `ITEM`;
/*!40101 SET @saved_cs_client     = @@character_set_client */;
/*!50503 SET character_set_client = utf8mb4 */;
CREATE TABLE `ITEM` (
  `id` int NOT NULL AUTO_INCREMENT,
  `name` varchar(100) NOT NULL,
  `category` varchar(50) NOT NULL,
  `isCraftable` tinyint(1) NOT NULL DEFAULT '1',
  `images` json DEFAULT NULL,
  `available_materials` json DEFAULT NULL,
  PRIMARY KEY (`id`)
) ENGINE=InnoDB AUTO_INCREMENT=159 DEFAULT CHARSET=utf8mb4 COLLATE=utf8mb4_0900_ai_ci;
/*!40101 SET character_set_client = @saved_cs_client */;

--
-- Dumping data for table `ITEM`
--

LOCK TABLES `ITEM` WRITE;
/*!40000 ALTER TABLE `ITEM` DISABLE KEYS */;
INSERT INTO `ITEM` VALUES (1,'Amethyst','Umaterial',0,'[\"Umaterials/Amethyst.png\"]',NULL),(2,'Bone','Umaterial',0,'[\"Umaterials/Bone.png\"]',NULL),(3,'Bushmeat (Raw)','Umaterial',0,'[\"Umaterials/Bushmeat-raw.png\"]',NULL),(4,'Clay (Blue)','Umaterial',0,'[\"Umaterials/Clay-blue.png\"]',NULL),(5,'Clay (Fire)','Umaterial',0,'[\"Umaterials/Clay-fire.png\"]',NULL),(6,'Clay (Red)','Umaterial',0,'[\"Umaterials/Clay-red.png\"]',NULL),(7,'Clear Quartz','Umaterial',0,'[\"Umaterials/Clear_quartz.png\"]',NULL),(8,'Fat','Umaterial',0,'[\"Umaterials/Fat.png\"]',NULL),(9,'Feather','Umaterial',0,'[\"Umaterials/Feather.png\"]',NULL),(10,'Flint','Umaterial',0,'[\"Umaterials/Flint.png\"]',NULL),(11,'Temporal Gear','Umaterial',0,'[\"Umaterials/Gear-temporal.png\"]',NULL),(12,'Granite Stone','Umaterial',0,'[\"Umaterials/Granite_stone.png\"]',NULL),(13,'Cattail Tops','Umaterial',0,'[\"Umaterials/Grid_Cattail_tops.png\"]',NULL),(14,'Dry Grass','Umaterial',0,'[\"Umaterials/Grid_drygrass.png\"]',NULL),(15,'Firewood','Umaterial',0,'[\"Umaterials/Grid_Firewood.png\"]',NULL),(16,'Flax Fibers','Umaterial',0,'[\"Umaterials/Grid_Flax_fibers.png\"]',NULL),(17,'Raw Hide','Umaterial',0,'[\"Umaterials/Grid_Raw_hide.png\"]',NULL),(18,'Stick','Umaterial',0,'[\"Umaterials/Grid_Stick.png\"]',NULL),(19,'Bear Pelt (Black)','Umaterial',0,'[\"Umaterials/Hide-pelt-bear-black-complete.png\"]',NULL),(20,'Raw Hide (Large)','Umaterial',0,'[\"Umaterials/Hide-raw-large.png\"]',NULL),(21,'Honeycomb','Umaterial',0,'[\"Umaterials/Honeycomb.png\"]',NULL),(22,'Oak Log','Umaterial',0,'[\"Umaterials/Log-oak.png\"]',NULL),(23,'Metal Parts','Umaterial',0,'[\"Umaterials/Metal-parts.png\"]',NULL),(24,'Olivine','Umaterial',0,'[\"Umaterials/Olivine.png\"]',NULL),(25,'Papyrus Tops','Umaterial',0,'[\"Umaterials/Papyrustops.png\"]',NULL),(26,'Quartz','Umaterial',0,'[\"Umaterials/Quartz.png\"]',NULL),(27,'Resin','Umaterial',0,'[\"Umaterials/Resin.png\"]',NULL),(28,'Rose Quartz','Umaterial',0,'[\"Umaterials/Rosequartz.png\"]',NULL),(29,'Saltpeter','Umaterial',0,'[\"Umaterials/Saltpeter.png\"]',NULL),(30,'Smoky Quartz','Umaterial',0,'[\"Umaterials/Smokyquartz.png\"]',NULL),(31,'Beeswax','Pmaterial',0,'[\"Pmaterials/Beeswax.png\"]',NULL),(32,'Burned Brick (Blue)','Pmaterial',1,'[\"Pmaterials/Burnedbrick-blue.png\"]',NULL),(33,'Burned Brick (Brown)','Pmaterial',1,'[\"Pmaterials/Burnedbrick-brown.png\"]',NULL),(34,'Burned Brick (Fire)','Pmaterial',1,'[\"Pmaterials/Burnedbrick-fire.png\"]',NULL),(35,'Burned Brick (Red)','Pmaterial',1,'[\"Pmaterials/Burnedbrick-red.png\"]',NULL),(36,'Charcoal','Pmaterial',0,'[\"Pmaterials/Charcoal.png\"]',NULL),(37,'Flax Twine','Pmaterial',1,'[\"Pmaterials/Flaxtwine.png\"]',NULL),(38,'Oak Board','Pmaterial',1,'[\"Pmaterials/Grid_Oak_board.png\"]',NULL),(39,'Bear Pelt Body','Pmaterial',0,'[\"Pmaterials/Hide-pelt-bear-black-body.png\"]',NULL),(40,'Pelt (Large)','Pmaterial',0,'[\"Pmaterials/Hide-pelt-large.png\"]',NULL),(41,'Scraped Hide','Pmaterial',1,'[\"Pmaterials/Hide-scraped-large.png\"]',NULL),(42,'Soaked Hide','Pmaterial',1,'[\"Pmaterials/Hide-soaked-large.png\"]',NULL),(43,'Leather','Pmaterial',1,'[\"Pmaterials/Leather.png\"]',NULL),(44,'Sturdy Leather','Pmaterial',1,'[\"Pmaterials/Leather-sturdy-plain.png\"]',NULL),(45,'Linen','Pmaterial',1,'[\"Pmaterials/Linen-normal-down.png\"]',NULL),(46,'Oak Planks','Pmaterial',1,'[\"Pmaterials/Oak_planks.png\"]',NULL),(47,'Refractory Brick T1','Pmaterial',1,'[\"Pmaterials/Refractorybrick-fired-tier1.png\"]',NULL),(48,'Refractory Brick T2','Pmaterial',1,'[\"Pmaterials/Refractorybrick-fired-tier2.png\"]',NULL),(49,'Refractory Brick T3','Pmaterial',1,'[\"Pmaterials/Refractorybrick-fired-tier3.png\"]',NULL),(50,'Anvil Part (Base)','Fmaterial',1,'[\"Fmaterials/Anvilpart-base-iron.png\"]','[\"iron\", \"meteoric_iron\", \"steel\"]'),(51,'Anvil Part (Top)','Fmaterial',1,'[\"Fmaterials/Anvilpart-top-iron.png\"]','[\"iron\", \"meteoric_iron\", \"steel\"]'),(52,'Arrowhead','Fmaterial',1,'[\"Fmaterials/Arrowhead-copper.png\"]','[\"copper\", \"gold\", \"silver\", \"tin_bronze\", \"bismuth_bronze\", \"black_bronze\", \"iron\", \"meteoric_iron\", \"steel\"]'),(53,'Falx Blade','Fmaterial',1,'[\"Fmaterials/Bladehead-falx-copper.png\"]','[\"copper\", \"gold\", \"silver\", \"tin_bronze\", \"bismuth_bronze\", \"black_bronze\", \"iron\", \"meteoric_iron\", \"steel\"]'),(54,'Helve Hammer Boss','Fmaterial',1,'[\"Fmaterials/Boss-tinbronze.png\"]','[\"tin_bronze\", \"bismuth_bronze\", \"black_bronze\", \"iron\", \"meteoric_iron\", \"steel\"]'),(55,'Chisel Head','Fmaterial',1,'[\"Fmaterials/Chisel-copper.png\"]','[\"copper\", \"gold\", \"silver\", \"tin_bronze\", \"bismuth_bronze\", \"black_bronze\", \"iron\", \"meteoric_iron\", \"steel\"]'),(56,'Chute Section','Fmaterial',1,'[\"Fmaterials/Chutesection-copper.png\"]','[\"copper\", \"tin_bronze\", \"bismuth_bronze\", \"black_bronze\", \"iron\", \"meteoric_iron\", \"steel\"]'),(57,'Cleaver Blade','Fmaterial',1,'[\"Fmaterials/Cleaver-copper.png\"]','[\"copper\", \"tin_bronze\", \"bismuth_bronze\", \"black_bronze\", \"iron\", \"meteoric_iron\", \"steel\"]'),(58,'Axe Head','Fmaterial',1,'[\"Fmaterials/Grid_Copper_axe_head.png\"]','[\"copper\", \"gold\", \"silver\", \"tin_bronze\", \"bismuth_bronze\", \"black_bronze\", \"iron\", \"meteoric_iron\", \"steel\"]'),(59,'Hammer Head','Fmaterial',1,'[\"Fmaterials/Grid_Copper_hammer_head.png\"]','[\"copper\", \"gold\", \"silver\", \"tin_bronze\", \"bismuth_bronze\", \"black_bronze\", \"iron\", \"meteoric_iron\", \"steel\"]'),(60,'Hoe Head','Fmaterial',1,'[\"Fmaterials/Grid_Copper_hoe_head.png\"]','[\"copper\", \"gold\", \"silver\", \"tin_bronze\", \"bismuth_bronze\", \"black_bronze\", \"iron\", \"meteoric_iron\", \"steel\"]'),(61,'Pickaxe Head','Fmaterial',1,'[\"Fmaterials/Grid_Copper_pickaxe_head.png\"]','[\"copper\", \"gold\", \"silver\", \"tin_bronze\", \"bismuth_bronze\", \"black_bronze\", \"iron\", \"meteoric_iron\", \"steel\"]'),(62,'Metal Plate','Fmaterial',1,'[\"Fmaterials/Grid_Copper_plate.png\"]','[\"copper\", \"tin_bronze\", \"bismuth_bronze\", \"black_bronze\", \"iron\", \"meteoric_iron\", \"steel\"]'),(63,'Prospecting Pick Head','Fmaterial',1,'[\"Fmaterials/Grid_Copper_prospecting_pick_head.png\"]','[\"copper\", \"tin_bronze\", \"bismuth_bronze\", \"black_bronze\", \"iron\", \"meteoric_iron\", \"steel\"]'),(64,'Saw Blade','Fmaterial',1,'[\"Fmaterials/Grid_Copper_saw_blade.png\"]','[\"copper\", \"tin_bronze\", \"bismuth_bronze\", \"black_bronze\", \"iron\", \"meteoric_iron\", \"steel\"]'),(65,'Shovel Head','Fmaterial',1,'[\"Fmaterials/Grid_Copper_shovel_head.png\"]','[\"copper\", \"gold\", \"silver\", \"tin_bronze\", \"bismuth_bronze\", \"black_bronze\", \"iron\", \"meteoric_iron\", \"steel\"]'),(66,'Spear Head','Fmaterial',1,'[\"Fmaterials/Grid_Copper_spear_head.png\"]','[\"copper\", \"gold\", \"silver\", \"tin_bronze\", \"bismuth_bronze\", \"black_bronze\"]'),(67,'Helve Hammer Head','Fmaterial',1,'[\"Fmaterials/Grid_Tin_bronze_helve_hammer_head.png\"]','[\"tin_bronze\", \"bismuth_bronze\", \"black_bronze\", \"iron\", \"meteoric_iron\", \"steel\"]'),(68,'Hoop','Fmaterial',1,'[\"Fmaterials/Hoop-tinbronze.png\"]','[\"tin_bronze\", \"bismuth_bronze\", \"black_bronze\", \"iron\", \"meteoric_iron\", \"steel\"]'),(69,'Iron Hatch Door','Fmaterial',1,'[\"Fmaterials/Ironhatchdoor.png\"]','[\"iron\", \"meteoric_iron\", \"steel\"]'),(70,'Knife Blade','Fmaterial',1,'[\"Fmaterials/Knifeblade-copper.png\"]','[\"copper\", \"gold\", \"silver\", \"tin_bronze\", \"bismuth_bronze\", \"black_bronze\", \"iron\", \"meteoric_iron\", \"steel\"]'),(71,'Metal Chain','Fmaterial',1,'[\"Fmaterials/Metalchain-copper.png\"]','[\"copper\", \"gold\", \"silver\", \"tin_bronze\", \"bismuth_bronze\", \"black_bronze\", \"iron\", \"meteoric_iron\", \"steel\"]'),(72,'Metal Scale','Fmaterial',1,'[\"Fmaterials/Metalscale-copper.png\"]','[\"copper\", \"tin_bronze\", \"bismuth_bronze\", \"black_bronze\", \"iron\", \"meteoric_iron\", \"steel\"]'),(73,'Padlock','Fmaterial',1,'[\"Fmaterials/Padlock-tinbronze.png\"]','[\"tin_bronze\", \"bismuth_bronze\", \"black_bronze\", \"iron\", \"meteoric_iron\", \"steel\"]'),(74,'Pounder Cap','Fmaterial',1,'[\"Fmaterials/Poundercap-tinbronze.png\"]','[\"tin_bronze\", \"bismuth_bronze\", \"black_bronze\", \"iron\", \"meteoric_iron\", \"steel\"]'),(75,'Shears Blade','Fmaterial',1,'[\"Fmaterials/Shears-copper.png\"]','[\"copper\", \"tin_bronze\", \"bismuth_bronze\", \"black_bronze\", \"iron\", \"meteoric_iron\", \"steel\"]'),(76,'Wrench','Fmaterial',1,'[\"Fmaterials/Wrench-copper.png\"]','[\"copper\", \"tin_bronze\", \"bismuth_bronze\", \"black_bronze\", \"iron\", \"meteoric_iron\", \"steel\"]'),(77,'Chisel','Tool',1,'[\"tools/Chisel-copper.png\"]','[\"copper\", \"gold\", \"silver\", \"tin_bronze\", \"bismuth_bronze\", \"black_bronze\", \"iron\", \"meteoric_iron\", \"steel\"]'),(78,'Cleaver','Tool',1,'[\"tools/Cleaver-copper.png\"]','[\"copper\", \"tin_bronze\", \"bismuth_bronze\", \"black_bronze\", \"iron\", \"meteoric_iron\", \"steel\"]'),(79,'Firestarter','Tool',1,'[\"tools/Firestarter.png\"]',NULL),(80,'Bug Net','Tool',1,'[\"tools/Grid_Bugnet.png\"]',NULL),(81,'Axe','Tool',1,'[\"tools/Grid_Copper_Axe.png\"]','[\"copper\", \"gold\", \"silver\", \"tin_bronze\", \"bismuth_bronze\", \"black_bronze\", \"iron\", \"meteoric_iron\", \"steel\"]'),(82,'Shears','Tool',1,'[\"tools/Grid_Copper_shears.png\"]','[\"copper\", \"tin_bronze\", \"bismuth_bronze\", \"black_bronze\", \"iron\", \"meteoric_iron\", \"steel\"]'),(83,'Hammer','Tool',1,'[\"tools/Hammer-copper.png\"]','[\"copper\", \"gold\", \"silver\", \"tin_bronze\", \"bismuth_bronze\", \"black_bronze\", \"iron\", \"meteoric_iron\", \"steel\"]'),(84,'Hoe','Tool',1,'[\"tools/Hoe-copper.png\"]','[\"copper\", \"gold\", \"silver\", \"tin_bronze\", \"bismuth_bronze\", \"black_bronze\", \"iron\", \"meteoric_iron\", \"steel\"]'),(85,'Knife','Tool',1,'[\"tools/Knife-copper.png\"]','[\"copper\", \"gold\", \"silver\", \"tin_bronze\", \"bismuth_bronze\", \"black_bronze\", \"iron\", \"meteoric_iron\", \"steel\"]'),(86,'Padlock','Tool',1,'[\"tools/Padlock-tinbronze.png\"]','[\"tin_bronze\", \"bismuth_bronze\", \"black_bronze\", \"iron\", \"meteoric_iron\", \"steel\"]'),(87,'Wooden Pan','Tool',1,'[\"tools/Pan-wooden.png\"]',NULL),(88,'Pickaxe','Tool',1,'[\"tools/Pickaxe-copper.png\"]','[\"copper\", \"gold\", \"silver\", \"tin_bronze\", \"bismuth_bronze\", \"black_bronze\", \"iron\", \"meteoric_iron\", \"steel\"]'),(89,'Plumb and Square','Tool',1,'[\"tools/Plumb_and_Square.png\"]',NULL),(90,'Prospecting Pick','Tool',1,'[\"tools/Prospectingpick-copper.png\"]','[\"copper\", \"tin_bronze\", \"bismuth_bronze\", \"black_bronze\", \"iron\", \"meteoric_iron\", \"steel\"]'),(91,'Saw','Tool',1,'[\"tools/Saw-copper.png\"]','[\"copper\", \"tin_bronze\", \"bismuth_bronze\", \"black_bronze\", \"iron\", \"meteoric_iron\", \"steel\"]'),(92,'Scythe','Tool',1,'[\"tools/Scythe-copper.png\"]','[\"copper\", \"gold\", \"silver\", \"tin_bronze\", \"bismuth_bronze\", \"black_bronze\", \"iron\", \"meteoric_iron\", \"steel\"]'),(93,'Shovel','Tool',1,'[\"tools/Shovel-copper.png\"]','[\"copper\", \"gold\", \"silver\", \"tin_bronze\", \"bismuth_bronze\", \"black_bronze\", \"iron\", \"meteoric_iron\", \"steel\"]'),(94,'Sieve','Tool',1,'[\"tools/Sieve-linen.png\"]',NULL),(95,'Arrow','Weapon',1,'[\"weapons/Arrow-copper.png\"]','[\"copper\", \"gold\", \"silver\", \"tin_bronze\", \"bismuth_bronze\", \"black_bronze\", \"iron\", \"meteoric_iron\", \"steel\"]'),(96,'Falx','Weapon',1,'[\"weapons/Blade-falx-copper.png\"]','[\"copper\", \"gold\", \"silver\", \"tin_bronze\", \"bismuth_bronze\", \"black_bronze\", \"iron\", \"meteoric_iron\", \"steel\"]'),(97,'Blackguard Blade','Weapon',1,'[\"weapons/Blade-blackguard-iron.png\"]',NULL),(98,'Forlorn Blade','Weapon',1,'[\"weapons/Blade-thrusting-forlorn.png\"]',NULL),(99,'Crude Bow','Weapon',1,'[\"weapons/Bow_crude.png\"]',NULL),(100,'Long Bow','Weapon',1,'[\"weapons/Bow-long.png\"]',NULL),(101,'Recurve Bow','Weapon',1,'[\"weapons/Bow-recurve.png\"]',NULL),(102,'Simple Bow','Weapon',1,'[\"weapons/Bow-simple.png\"]',NULL),(103,'Sling','Weapon',1,'[\"weapons/Sling.png\"]',NULL),(104,'Spear','Weapon',1,'[\"weapons/Spear-copper.png\"]','[\"copper\", \"gold\", \"silver\", \"tin_bronze\", \"bismuth_bronze\", \"black_bronze\"]'),(105,'Wooden Club','Weapon',1,'[\"weapons/Woodenclub-normal.png\"]',NULL),(106,'Improvised Helmet','Armor',1,'[\"armor/Armor-head-improvised-wood.png\"]',NULL),(107,'Lamellar Helmet','Armor',1,'[\"armor/Armor-head-lamellar-copper.png\"]','[\"copper\", \"bismuth_bronze\", \"tin_bronze\", \"black_bronze\"]'),(108,'Bear Hide Helmet','Armor',1,'[\"armor/Armor-head-hide-bear-black.png\"]',NULL),(109,'Sewn Linen Helmet','Armor',1,'[\"armor/Armor-head-sewn-linen.png\"]',NULL),(110,'Tailored Linen Helmet','Armor',1,'[\"armor/Grid_Armor-head-tailored-plain-linen.png\"]',NULL),(111,'Leather Helmet','Armor',1,'[\"armor/Grid_leather_helmet.png\"]',NULL),(112,'Brigandine Helmet','Armor',1,'[\"armor/Armor-head-brigandine-steel.png\"]','[\"iron\", \"meteoric_iron\", \"steel\"]'),(113,'Chain Helmet','Armor',1,'[\"armor/Armor-head-chain-steel.png\"]','[\"copper\", \"gold\", \"silver\", \"tin_bronze\", \"bismuth_bronze\", \"black_bronze\", \"iron\", \"meteoric_iron\", \"steel\"]'),(114,'Blackguard Helmet','Armor',1,'[\"armor/Armor-head-antique-blackguard-pristine.png\"]',NULL),(115,'Forlorn Helmet','Armor',1,'[\"armor/Armor-head-antique-forlorn-pristine.png\"]',NULL),(116,'Improvised Armor','Armor',1,'[\"armor/Armor-body-improvised-wood.png\"]',NULL),(117,'Lamellar Armor','Armor',1,'[\"armor/Armor-body-lamellar-copper.png\"]','[\"copper\", \"bismuth_bronze\", \"tin_bronze\", \"black_bronze\"]'),(118,'Bear Hide Armor','Armor',1,'[\"armor/Armor-body-hide-bear-black.png\"]',NULL),(119,'Sewn Linen Armor','Armor',1,'[\"armor/Armor-body-sewn-linen.png\"]',NULL),(120,'Tailored Linen Armor','Armor',1,'[\"armor/Grid_Armor-body-tailored-plain-linen.png\"]',NULL),(121,'Leather Jerkin','Armor',1,'[\"armor/Grid_body_leather_jerkin.png\"]',NULL),(122,'Leather Body Armor','Armor',1,'[\"armor/Grid_leather_body_armor.png\"]',NULL),(123,'Brigandine Armor','Armor',1,'[\"armor/Armor-body-brigandine-steel.png\"]','[\"iron\", \"meteoric_iron\", \"steel\"]'),(124,'Chain Armor','Armor',1,'[\"armor/Armor-body-chain-steel.png\"]','[\"copper\", \"gold\", \"silver\", \"tin_bronze\", \"bismuth_bronze\", \"black_bronze\", \"iron\", \"meteoric_iron\", \"steel\"]'),(125,'Blackguard Armor','Armor',1,'[\"armor/Armor-body-antique-blackguard-pristine.png\"]',NULL),(126,'Forlorn Armor','Armor',1,'[\"armor/Armor-body-antique-forlorn-pristine.png\"]',NULL),(127,'Improvised Leggings','Armor',1,'[\"armor/Armor-legs-lamellar-copper.png\"]',NULL),(128,'Lamellar Leggings','Armor',1,'[\"armor/Armor-legs-lamellar-copper.png\"]','[\"copper\", \"bismuth_bronze\", \"tin_bronze\", \"black_bronze\"]'),(129,'Bear Hide Leggings','Armor',1,'[\"armor/Armor-legs-hide-bear-black.png\"]',NULL),(130,'Sewn Linen Leggings','Armor',1,'[\"armor/Armor-legs-sewn-linen.png\"]',NULL),(131,'Tailored Linen Leggings','Armor',1,'[\"armor/Grid_Armor-legs-tailored-plain-linen.png\"]',NULL),(132,'Leather Leg Armor','Armor',1,'[\"armor/Grid_leather_leg_armor.png\"]',NULL),(133,'Leather Leg Jerkin','Armor',1,'[\"armor/Grid_leg_leather_jerkin.png\"]',NULL),(134,'Brigandine Leggings','Armor',1,'[\"armor/Armor-legs-brigandine-steel.png\"]','[\"iron\", \"meteoric_iron\", \"steel\"]'),(135,'Chain Leggings','Armor',1,'[\"armor/Armor-legs-chain-steel.png\"]','[\"copper\", \"gold\", \"silver\", \"tin_bronze\", \"bismuth_bronze\", \"black_bronze\", \"iron\", \"meteoric_iron\", \"steel\"]'),(136,'Blackguard Leggings','Armor',1,'[\"armor/Armor-legs-antique-blackguard-pristine.png\"]',NULL),(137,'Forlorn Leggings','Armor',1,'[\"armor/Armor-legs-antique-forlorn-pristine.png\"]',NULL),(138,'Large Gear Section','Mechanical',1,'[\"mechanical/200px-Grid_large_gear_section.png\"]',NULL),(139,'Angled Gears','Mechanical',1,'[\"mechanical/Angled_Gears.png\"]',NULL),(140,'Straight Chute','Mechanical',1,'[\"mechanical/Chute-straight.png\"]',NULL),(141,'Brake','Mechanical',1,'[\"mechanical/Grid_Brake.png\"]',NULL),(142,'Chute','Mechanical',1,'[\"mechanical/Grid_chute.png\"]',NULL),(143,'Clutch','Mechanical',1,'[\"mechanical/Grid_Clutch.png\"]',NULL),(144,'Helve Hammer Base','Mechanical',1,'[\"mechanical/Grid_Helve_hammer_base.png\"]',NULL),(145,'Hopper','Mechanical',1,'[\"mechanical/Grid_hopper.png\"]',NULL),(146,'Pulverizer Frame','Mechanical',1,'[\"mechanical/Grid_Pulverizer_Frame.png\"]',NULL),(147,'Pulverizer Pounder','Mechanical',1,'[\"mechanical/Grid_Pulverizer_Pounder.png\"]',NULL),(148,'Pulverizer Toggle','Mechanical',1,'[\"mechanical/Grid_Pulverizer_Toggle.png\"]',NULL),(149,'Tin Bronze Helve Hammer','Mechanical',1,'[\"mechanical/Grid_Tin_bronze_helve_hammer.png\"]',NULL),(150,'Transmission','Mechanical',1,'[\"mechanical/Grid_Transmission.png\"]',NULL),(151,'Wooden Toggle','Mechanical',1,'[\"mechanical/Grid_wooden_toggle.png\"]',NULL),(152,'Large Gear','Mechanical',1,'[\"mechanical/Largegear.png\"]',NULL),(153,'Quern','Mechanical',1,'[\"mechanical/Quern-granite.png\"]',NULL),(154,'Sail','Mechanical',1,'[\"mechanical/Sail.png\"]',NULL),(155,'Windmill Rotor','Mechanical',1,'[\"mechanical/Windmill_Rotor.png\"]',NULL),(156,'Wooden Axle','Mechanical',1,'[\"mechanical/Wooden_Axle.png\"]',NULL),(157,'Ingot','Metal',1,'[\"metals/ingots/Ingot-copper.png\"]','[\"copper\", \"gold\", \"silver\", \"tin_bronze\", \"bismuth_bronze\", \"black_bronze\", \"iron\", \"meteoric_iron\", \"steel\"]'),(158,'Ore Nugget','Metal',0,'[\"metals/nuggets/Nugget-malachite.png\"]','[\"copper\", \"gold\", \"silver\", \"bismuth\", \"lead\", \"tin\", \"zinc\", \"nickel\", \"iron\"]');
/*!40000 ALTER TABLE `ITEM` ENABLE KEYS */;
UNLOCK TABLES;

--
-- Table structure for table `METAL`
--

DROP TABLE IF EXISTS `METAL`;
/*!40101 SET @saved_cs_client     = @@character_set_client */;
/*!50503 SET character_set_client = utf8mb4 */;
CREATE TABLE `METAL` (
  `id` int NOT NULL AUTO_INCREMENT,
  `name` varchar(100) NOT NULL,
  `melting_point` float NOT NULL,
  `is_alloy` tinyint(1) NOT NULL DEFAULT '0',
  `composition` json DEFAULT NULL,
  `ingot_image` varchar(255) DEFAULT NULL,
  `nugget_image` varchar(255) DEFAULT NULL,
  PRIMARY KEY (`id`)
) ENGINE=InnoDB AUTO_INCREMENT=21 DEFAULT CHARSET=utf8mb4 COLLATE=utf8mb4_0900_ai_ci;
/*!40101 SET character_set_client = @saved_cs_client */;

--
-- Dumping data for table `METAL`
--

LOCK TABLES `METAL` WRITE;
/*!40000 ALTER TABLE `METAL` DISABLE KEYS */;
INSERT INTO `METAL` VALUES (1,'Copper',1084,0,'{\"Copper\": 100}','metals/ingots/Ingot-copper.png','metals/nuggets/Metalbit-copper.png'),(2,'Gold',1063,0,'{\"Gold\": 100}','metals/ingots/Ingot-gold.png','metals/nuggets/Metalbit-gold.png'),(3,'Silver',961,0,'{\"Silver\": 100}','metals/ingots/Ingot-silver.png','metals/nuggets/Metalbit-silver.png'),(4,'Bismuth',271,0,'{\"Bismuth\": 100}','metals/ingots/Ingot-bismuth.png','metals/nuggets/Metalbit-bismuth.png'),(5,'Lead',327,0,'{\"Lead\": 100}','metals/ingots/Ingot-lead.png','metals/nuggets/Metalbit-lead.png'),(6,'Tin',232,0,'{\"Tin\": 100}','metals/ingots/Ingot-tin.png','metals/nuggets/Metalbit-tin.png'),(7,'Zinc',419,0,'{\"Zinc\": 100}','metals/ingots/Ingot-zinc.png','metals/nuggets/Metalbit-zinc.png'),(8,'Nickel',1325,0,'{\"Nickel\": 100}','metals/ingots/Ingot-nickel.png','metals/nuggets/Metalbit-nickel.png'),(9,'Iron',1482,0,NULL,'metals/ingots/Ingot-iron.png','metals/nuggets/Metalbit-iron.png'),(10,'Meteoric Iron',1476,0,NULL,'metals/ingots/Ingot-meteoriciron.png','metals/nuggets/Metalbit-meteoriciron.png'),(11,'Steel',1502,0,NULL,'metals/ingots/Ingot-steel.png','metals/nuggets/Metalbit-steel.png'),(12,'Tin Bronze',950,1,'{\"Tin\": [8, 12], \"Copper\": [88, 92]}','metals/ingots/Ingot-tinbronze.png','metals/nuggets/Metalbit-tinbronze.png'),(13,'Bismuth Bronze',850,1,'{\"Zinc\": [20, 30], \"Copper\": [50, 70], \"Bismuth\": [10, 20]}','metals/ingots/Ingot-bismuthbronze.png','metals/nuggets/Metalbit-bismuthbronze.png'),(14,'Black Bronze',1020,1,'{\"Gold\": [8, 16], \"Copper\": [68, 84], \"Silver\": [8, 16]}','metals/ingots/Ingot-blackbronze.png','metals/nuggets/Metalbit-blackbronze.png'),(15,'Brass',920,1,'{\"Zinc\": [30, 40], \"Copper\": [60, 70]}','metals/ingots/Ingot-brass.png','metals/nuggets/Metalbit-brass.png'),(16,'Lead Solder',327,1,'{\"Tin\": [45, 55], \"Lead\": [45, 55]}','metals/ingots/Grid_Leadsolder_Ingot.png','metals/nuggets/Metalbit-leadsolder.png'),(17,'Molybdochalkos',902,1,'{\"Lead\": [88, 92], \"Copper\": [8, 12]}','metals/ingots/Ingot-molybdochalkos.png','metals/nuggets/Metalbit-molybdochalkos.png'),(18,'Silver Solder',758,1,'{\"Tin\": [50, 60], \"Silver\": [40, 50]}','metals/ingots/Ingot-silversolder.png','metals/nuggets/Metalbit-silversolder.png'),(19,'Electrum',1010,1,'{\"Gold\": [40, 60], \"Silver\": [40, 60]}','metals/ingots/Ingot-electrum.png','metals/nuggets/Metalbit-electrum.png'),(20,'Cupronickel',1171,1,'{\"Copper\": [65, 75], \"Nickel\": [25, 35]}','metals/ingots/Ingot-cupronickel.png','metals/nuggets/Metalbit-cupronickel.png');
/*!40000 ALTER TABLE `METAL` ENABLE KEYS */;
UNLOCK TABLES;

--
-- Table structure for table `RECIPE_COMPONENT`
--

DROP TABLE IF EXISTS `RECIPE_COMPONENT`;
/*!40101 SET @saved_cs_client     = @@character_set_client */;
/*!50503 SET character_set_client = utf8mb4 */;
CREATE TABLE `RECIPE_COMPONENT` (
  `id` int NOT NULL AUTO_INCREMENT,
  `recipe_id` int NOT NULL,
  `item_id` int NOT NULL,
  `quantity` int NOT NULL DEFAULT '1',
  PRIMARY KEY (`id`),
  KEY `recipe_id` (`recipe_id`),
  KEY `item_id` (`item_id`),
  CONSTRAINT `RECIPE_COMPONENT_ibfk_1` FOREIGN KEY (`recipe_id`) REFERENCES `CRAFTING_RECIPE` (`id`) ON DELETE CASCADE,
  CONSTRAINT `RECIPE_COMPONENT_ibfk_2` FOREIGN KEY (`item_id`) REFERENCES `ITEM` (`id`)
) ENGINE=InnoDB AUTO_INCREMENT=40 DEFAULT CHARSET=utf8mb4 COLLATE=utf8mb4_0900_ai_ci;
/*!40101 SET character_set_client = @saved_cs_client */;

--
-- Dumping data for table `RECIPE_COMPONENT`
--

LOCK TABLES `RECIPE_COMPONENT` WRITE;
/*!40000 ALTER TABLE `RECIPE_COMPONENT` DISABLE KEYS */;
INSERT INTO `RECIPE_COMPONENT` VALUES (1,1,158,20),(2,2,22,1),(3,3,46,2),(4,4,16,3),(5,5,42,1),(6,6,41,1),(7,7,20,1),(8,8,157,1),(9,9,157,1),(10,10,157,1),(11,11,157,1),(12,12,157,1),(13,13,157,1),(14,14,157,1),(15,15,157,2),(16,16,157,2),(17,17,157,3),(18,18,58,1),(19,18,18,1),(20,19,59,1),(21,19,18,1),(22,20,61,1),(23,20,18,1),(24,21,70,1),(25,21,18,1),(26,22,65,1),(27,22,18,1),(28,23,55,1),(29,23,18,1),(30,24,75,2),(31,25,53,1),(32,25,18,1),(33,26,43,6),(34,27,43,6),(35,27,37,2),(36,28,71,20),(37,28,121,1),(38,29,62,13),(39,29,121,1);
/*!40000 ALTER TABLE `RECIPE_COMPONENT` ENABLE KEYS */;
UNLOCK TABLES;
/*!40103 SET TIME_ZONE=@OLD_TIME_ZONE */;

/*!40101 SET SQL_MODE=@OLD_SQL_MODE */;
/*!40014 SET FOREIGN_KEY_CHECKS=@OLD_FOREIGN_KEY_CHECKS */;
/*!40014 SET UNIQUE_CHECKS=@OLD_UNIQUE_CHECKS */;
/*!40101 SET CHARACTER_SET_CLIENT=@OLD_CHARACTER_SET_CLIENT */;
/*!40101 SET CHARACTER_SET_RESULTS=@OLD_CHARACTER_SET_RESULTS */;
/*!40101 SET COLLATION_CONNECTION=@OLD_COLLATION_CONNECTION */;
/*!40111 SET SQL_NOTES=@OLD_SQL_NOTES */;

-- Dump completed on 2026-04-26 15:14:10
